<?xml version="1.0"?>
<ruleset name="Geekyutor-CS">
	<description>Geektutor Coding Standard</description>
    
    <!-- Exclude paths -->
	<exclude-pattern>*/tests/</exclude-pattern>
	<exclude-pattern>*/node_modules/*</exclude-pattern>
	<exclude-pattern>*/vendor/*</exclude-pattern>
	<exclude-pattern>*/.wordpress-org/*</exclude-pattern>
	<exclude-pattern>*/assets/*</exclude-pattern>
	<exclude-pattern>wp-plugin-deploy-helper.php</exclude-pattern>

    <!-- Rules -->
	<rule ref="WordPress-Extra">
		<exclude name="Generic.Commenting.DocComment.SpacingAfter" />
		<exclude name="Generic.Files.LineEndings.InvalidEOLChar" />
		<exclude name="Generic.Functions.FunctionCallArgumentSpacing.SpaceBeforeComma" />
		<exclude name="PEAR.Functions.FunctionCallSignature" />
		<exclude name="Squiz.Commenting" />
		<exclude name="Squiz.PHP.DisallowSizeFunctionsInLoops.Found" />
		<exclude name="Squiz.PHP.CommentedOutCode"/>
		<exclude name="Squiz.WhiteSpace" />
		<exclude name="WordPress.Arrays" />
		<exclude name="WordPress.Files.FileName" />
		<exclude name="WordPress.NamingConventions" />
		<exclude name="WordPress.Security.ValidatedSanitizedInput.MissingUnslash" />
		<exclude name="WordPress.WP.I18n.NonSingularStringLiteralText" />
		<exclude name="WordPress.WhiteSpace" />
	</rule>
	
    <!-- Configs -->
	<config name="minimum_supported_wp_version" value="5.0" />
	<config name="testVersion" value="5.6-" />

	<!-- Rules -->
	<rule ref="WooCommerce-Core">
        <exclude name="Core.Commenting.CommentTags.AuthorTag" />
		<exclude name="WordPress.PHP.DontExtract" />
    </rule>

	<rule ref="WordPress.WP.I18n">
		<properties>
			<property name="text_domain" type="array" value="cx-coa" />
		</properties>
	</rule>

	<rule ref="PHPCompatibility">
		<exclude-pattern>tests/</exclude-pattern>
		<exclude-pattern>.wordpress-org/*</exclude-pattern>
	</rule>
</ruleset>